Route_Name,Route_Link,Bus_Name,Bus_Type,Departing_Time,Duration,Reaching_Time,Star_Rating,Price,Seat_Availability
Jammu (j and k) to Srinagar,https://www.redbus.in/bus-tickets/jammu-to-srinagar,New Pal Travels,NON A/C Seater / Sleeper (2+2),21:15,10h 00m,07:15,1.7,INR 799,36 Seats available
Jammu (j and k) to Srinagar,https://www.redbus.in/bus-tickets/jammu-to-srinagar,North Kashmir Tour and Travels,NON A/C Sleeper (2+2),16:30,10h 00m,02:30,1.0,INR 699,39 Seats available
Jammu (j and k) to Srinagar,https://www.redbus.in/bus-tickets/jammu-to-srinagar,Jamna Travels-Jammu,Non AC Seater (2+2),21:30,10h 30m,08:00,2.4,INR 549,30 Seats available
Jammu (j and k) to Srinagar,https://www.redbus.in/bus-tickets/jammu-to-srinagar,North Kashmir Tour and Travels,NON A/C Sleeper (2+2),17:15,10h 00m,03:15,1.0,INR 699,40 Seats available
Delhi to Srinagar,https://www.redbus.in/bus-tickets/delhi-to-srinagar,JKRTC - 172597,Volvo AC Seater (2+2),13:00,24h 00m,13:00,4.8,INR 2568.58,28 Seats available
Delhi to Srinagar,https://www.redbus.in/bus-tickets/delhi-to-srinagar,Northern Travels,Bharat Benz A/C Sleeper (2+1),16:30,20h 30m,13:00,1.5,1900,20 Seats available
Delhi to Srinagar,https://www.redbus.in/bus-tickets/delhi-to-srinagar,RAO TRAVELS INDIA PVT LTD.,Mercedes Benz A/C (2+2),16:00,19h 30m,11:30,2.3,INR 3000,48 Seats available
Srinagar to Jammu (j and k),https://www.redbus.in/bus-tickets/srinagar-to-jammu,Jamna Travels-Jammu,Non AC Seater (2+2),19:00,11h 45m,06:45,2.3,INR 649,30 Seats available
Jammu (j and k) to Haridwar,https://www.redbus.in/bus-tickets/jammu-to-haridwar,JKRTC - 169767,NON A/C Seater (2+3),17:30,12h 00m,05:30,2.5,INR 763,42 Seats available
Jammu (j and k) to Haridwar,https://www.redbus.in/bus-tickets/jammu-to-haridwar,Laxmi holidays,Bharat Benz A/C Seater /Sleeper (2+1),20:50,12h 40m,09:30,4.6,665,31 Seats available
Jammu (j and k) to Haridwar,https://www.redbus.in/bus-tickets/jammu-to-haridwar,SHRI KRISHNA TRAVELS (JAI SHREE GANESH YATRA CO.),VE A/C Seater / Sleeper (2+1),20:00,12h 55m,08:55,3.8,INR 1360,8 Seats available
Jammu (j and k) to Haridwar,https://www.redbus.in/bus-tickets/jammu-to-haridwar,City Land Travels,A/C Seater/Sleeper (2+1),20:30,12h 30m,09:00,3.6,583,23 Seats available
Jammu (j and k) to Haridwar,https://www.redbus.in/bus-tickets/jammu-to-haridwar,City Land Travels,A/C Seater/Sleeper (2+1),18:00,12h 20m,06:20,3.1,628,27 Seats available
Jammu (j and k) to Delhi,https://www.redbus.in/bus-tickets/jammu-to-delhi,JKRTC - 170964,NON A/C Seater (2+3),10:00,12h 00m,22:00,3.7,INR 746,42 Seats available
Jammu (j and k) to Delhi,https://www.redbus.in/bus-tickets/jammu-to-delhi,JKRTC - 170966,NON A/C Seater (2+3),11:10,12h 00m,23:10,3.7,INR 746,42 Seats available
Jammu (j and k) to Delhi,https://www.redbus.in/bus-tickets/jammu-to-delhi,JKRTC - 170968,NON A/C Seater (2+3),11:55,12h 00m,23:55,3.7,INR 746,42 Seats available
Jammu (j and k) to Delhi,https://www.redbus.in/bus-tickets/jammu-to-delhi,Gola Bus Service,A/C Seater/Sleeper (2+1),20:20,11h 30m,07:50,4.9,INR 2000,36 Seats available
Jammu (j and k) to Delhi,https://www.redbus.in/bus-tickets/jammu-to-delhi,Zingbus Plus,Bharat Benz A/C Seater /Sleeper (2+1),20:10,13h 10m,09:20,4.5,513,32 Seats available
Jammu (j and k) to Delhi,https://www.redbus.in/bus-tickets/jammu-to-delhi,Laxmi holidays,Volvo 9600 Multi-Axle A/C Sleeper (2+1),20:15,11h 45m,08:00,4.5,950,39 Seats available
Jammu (j and k) to Delhi,https://www.redbus.in/bus-tickets/jammu-to-delhi,AdLavish Travels,A/C Seater / Sleeper (2+2),16:35,12h 55m,05:30,3.4,455,50 Seats available
Jammu (j and k) to Delhi,https://www.redbus.in/bus-tickets/jammu-to-delhi,Laxmi holidays,Volvo 9600 Multi-Axle A/C Sleeper (2+1),18:45,11h 15m,06:00,4.4,950,35 Seats available
Jammu (j and k) to Delhi,https://www.redbus.in/bus-tickets/jammu-to-delhi,Laxmi holidays,VE A/C Seater / Sleeper (2+1),22:15,11h 35m,09:50,4.4,570,39 Seats available
Jammu (j and k) to Delhi,https://www.redbus.in/bus-tickets/jammu-to-delhi,Laxmi holidays,Bharat Benz A/C Seater /Sleeper (2+1),17:35,11h 55m,05:30,4.3,522,30 Seats available
Jammu (j and k) to Delhi,https://www.redbus.in/bus-tickets/jammu-to-delhi,AdAwadh Travels,A/C Sleeper (2+2),20:55,11h 45m,08:40,4.1,1079,46 Seats available
Jammu (j and k) to Delhi,https://www.redbus.in/bus-tickets/jammu-to-delhi,Laxmi holidays,Bharat Benz A/C Sleeper (2+1),21:30,11h 30m,09:00,4.3,712,35 Seats available
Jammu (j and k) to Delhi,https://www.redbus.in/bus-tickets/jammu-to-delhi,Laxmi holidays,Bharat Benz A/C Sleeper (2+1),18:15,11h 45m,06:00,4.4,712,28 Seats available
Jammu (j and k) to Delhi,https://www.redbus.in/bus-tickets/jammu-to-delhi,Ram Dalal Holidays,Bharat Benz A/C Sleeper (2+1),20:15,11h 15m,07:30,4.3,INR 550,29 Seats available
Jammu (j and k) to Delhi,https://www.redbus.in/bus-tickets/jammu-to-delhi,Laxmi holidays,Bharat Benz A/C Sleeper (2+1),21:15,11h 15m,08:30,4.4,760,32 Seats available
Jammu (j and k) to Delhi,https://www.redbus.in/bus-tickets/jammu-to-delhi,IntrCity SmartBus,A/C Seater / Sleeper (2+1),20:50,11h 40m,08:30,4.5,INR 583,27 Seats available
Jammu (j and k) to Delhi,https://www.redbus.in/bus-tickets/jammu-to-delhi,Ashok Bus Service,VE A/C Seater / Sleeper (2+1),20:30,12h 00m,08:30,4.6,499,36 Seats available
Jammu (j and k) to Delhi,https://www.redbus.in/bus-tickets/jammu-to-delhi,Kingfisher Busline Pvt Ltd,Volvo A/C Multi-Axle Semi Sleeper (2+2),14:00,12h 50m,02:50,3.9,INR 2999,49 Seats available
Jammu (j and k) to Delhi,https://www.redbus.in/bus-tickets/jammu-to-delhi,Travel Point,A/C Seater / Sleeper (2+2),15:45,13h 15m,05:00,3.7,542,44 Seats available
Jammu (j and k) to Delhi,https://www.redbus.in/bus-tickets/jammu-to-delhi,Shiv Mohan Travels,AC Sleeper (2+1),20:30,12h 00m,08:30,3.3,890,36 Seats available
Jammu (j and k) to Delhi,https://www.redbus.in/bus-tickets/jammu-to-delhi,Khurana Bus Service,Volvo A/C (2+2),13:30,13h 10m,02:40,4.6,594,38 Seats available
Jammu (j and k) to Delhi,https://www.redbus.in/bus-tickets/jammu-to-delhi,FlixBus,A/C Sleeper (2+1),20:00,12h 20m,08:20,2.3,INR 659,14 Seats available
Jammu (j and k) to Delhi,https://www.redbus.in/bus-tickets/jammu-to-delhi,Ram Dalal Holidays,Bharat Benz A/C Sleeper (2+1),22:15,11h 15m,09:30,3.7,INR 700,38 Seats available
Jammu (j and k) to Delhi,https://www.redbus.in/bus-tickets/jammu-to-delhi,Goel Tourist (Regd),A/C Seater / Sleeper (2+2),18:00,13h 15m,07:15,1.9,833,44 Seats available
Jammu (j and k) to Delhi,https://www.redbus.in/bus-tickets/jammu-to-delhi,Armaan Tour & Travels,A/C Seater / Sleeper (2+1),16:00,14h 00m,06:00,5.0,809,45 Seats available
Jammu (j and k) to Delhi,https://www.redbus.in/bus-tickets/jammu-to-delhi,B S Holiday Travels,A/C Seater / Sleeper (2+2),22:10,10h 50m,09:00,3.3,699,34 Seats available
Jammu (j and k) to Delhi,https://www.redbus.in/bus-tickets/jammu-to-delhi,Jamna Travels (Delhi),A/C Seater / Sleeper (2+2),18:30,12h 30m,07:00,2.7,INR 699,23 Seats available
Jammu (j and k) to Delhi,https://www.redbus.in/bus-tickets/jammu-to-delhi,DS Hari Travels,A/C Seater / Sleeper (2+2),21:30,11h 45m,09:15,3.9,INR 499,48 Seats available
Jammu (j and k) to Delhi,https://www.redbus.in/bus-tickets/jammu-to-delhi,Travel Point,A/C Seater / Sleeper (2+2),18:30,13h 15m,07:45,2.8,904,50 Seats available
Jammu (j and k) to Delhi,https://www.redbus.in/bus-tickets/jammu-to-delhi,RK Holiday,A/C Seater / Sleeper (2+2),22:10,11h 40m,09:50,3.8,474,26 Seats available
Jammu (j and k) to Delhi,https://www.redbus.in/bus-tickets/jammu-to-delhi,BSS COOL COOL TRAVELS,A/C Seater / Sleeper (2+2),20:15,12h 00m,08:15,1.4,INR 799,28 Seats available
Jammu (j and k) to Delhi,https://www.redbus.in/bus-tickets/jammu-to-delhi,Big Bus,A/C Seater / Sleeper (2+2),23:00,11h 00m,10:00,2.4,INR 799,32 Seats available
Jammu (j and k) to Delhi,https://www.redbus.in/bus-tickets/jammu-to-delhi,Jamna Travels (Delhi),A/C Seater / Sleeper (2+2),21:00,13h 26m,10:26,2.0,INR 699,24 Seats available
Jammu (j and k) to Delhi,https://www.redbus.in/bus-tickets/jammu-to-delhi,Jamna Travels-Jammu,A/C Seater / Sleeper (2+2),20:30,11h 30m,08:00,3.7,INR 949,30 Seats available
Jammu (j and k) to Delhi,https://www.redbus.in/bus-tickets/jammu-to-delhi,Shiv Mohan Travels,AC Sleeper (2+1),18:30,13h 15m,07:45,1.5,1174,36 Seats available
Jammu (j and k) to Delhi,https://www.redbus.in/bus-tickets/jammu-to-delhi,Travel Point World LLP,A/C Seater / Sleeper (2+2),17:16,12h 30m,05:46,2.1,949,46 Seats available
Jammu (j and k) to Delhi,https://www.redbus.in/bus-tickets/jammu-to-delhi,Shub Yatra Holidays,A/C Sleeper (2+2),21:15,12h 45m,10:00,3.6,INR 2399,28 Seats available
Jammu (j and k) to Delhi,https://www.redbus.in/bus-tickets/jammu-to-delhi,Lucky Bus Service,VE A/C Sleeper (2+2),21:15,10h 00m,07:15,3.6,1439,30 Seats available
Jammu (j and k) to Delhi,https://www.redbus.in/bus-tickets/jammu-to-delhi,BSS COOL COOL TRAVELS,A/C Seater / Sleeper (2+1),20:20,12h 40m,09:00,3.3,INR 999,50 Seats available
Jammu (j and k) to Delhi,https://www.redbus.in/bus-tickets/jammu-to-delhi,Khurana Bus Service,Volvo A/C (2+2),13:30,14h 10m,03:40,3.2,INR 749,37 Seats available
Jammu (j and k) to Delhi,https://www.redbus.in/bus-tickets/jammu-to-delhi,NKS Holidays,A/C Sleeper (2+2),20:00,12h 16m,08:16,3.2,INR 1599,32 Seats available
Jammu (j and k) to Delhi,https://www.redbus.in/bus-tickets/jammu-to-delhi,NKS Holidays,A/C Sleeper (2+2),21:00,12h 16m,09:16,2.6,INR 1599,32 Seats available
Jammu (j and k) to Delhi,https://www.redbus.in/bus-tickets/jammu-to-delhi,Apex Bus Travels,A/C Seater / Sleeper (2+2),20:00,14h 00m,10:00,2.6,INR 799,40 Seats available
Jammu (j and k) to Delhi,https://www.redbus.in/bus-tickets/jammu-to-delhi,Apex Bus Travels,A/C Seater / Sleeper (2+2),21:45,09h 15m,07:00,2.5,INR 799,40 Seats available
Jammu (j and k) to Delhi,https://www.redbus.in/bus-tickets/jammu-to-delhi,SHAH HOLIDAY TRAVEL,Bharat Benz A/C Seater / Sleeper (2+2),21:00,11h 00m,08:00,2.3,INR 1499,54 Seats available
Jammu (j and k) to Delhi,https://www.redbus.in/bus-tickets/jammu-to-delhi,RAO TRAVELS INDIA PVT LTD.,Mercedes Benz A/C (2+2),20:45,11h 30m,08:15,1.7,INR 3000,47 Seats available
Jammu (j and k) to Delhi,https://www.redbus.in/bus-tickets/jammu-to-delhi,Travel Point World LLP,A/C Seater / Sleeper (2+2),20:00,12h 15m,08:15,1.4,1234,46 Seats available
Jammu (j and k) to Delhi,https://www.redbus.in/bus-tickets/jammu-to-delhi,Big Bus,A/C Seater / Sleeper (2+2),18:30,11h 00m,05:30,1.4,INR 895,28 Seats available
Jammu (j and k) to Delhi,https://www.redbus.in/bus-tickets/jammu-to-delhi,Big Bus,A/C Seater / Sleeper (2+2),21:00,11h 00m,08:00,1.0,INR 799,34 Seats available
Jammu (j and k) to Delhi,https://www.redbus.in/bus-tickets/jammu-to-delhi,Sahiba Travels India Sahiba Bus Service Regd,A/C Sleeper (2+2),21:30,12h 01m,09:31,0,INR 1800,22 Seats available
Delhi to Jammu (j and k),https://www.redbus.in/bus-tickets/delhi-to-jammu,JKRTC - 170967,NON A/C Seater (2+3),13:00,12h 00m,01:00,1.5,INR 746,42 Seats available
Delhi to Jammu (j and k),https://www.redbus.in/bus-tickets/delhi-to-jammu,JKRTC - 170969,NON A/C Seater (2+3),13:30,12h 00m,01:30,1.5,INR 746,42 Seats available
Delhi to Jammu (j and k),https://www.redbus.in/bus-tickets/delhi-to-jammu,JKRTC - 169772,NON A/C Seater (2+3),23:30,12h 00m,11:30,1.4,INR 746,42 Seats available
Delhi to Jammu (j and k),https://www.redbus.in/bus-tickets/delhi-to-jammu,Ram Dalal Holidays,Bharat Benz A/C Sleeper (2+1),18:30,11h 55m,06:25,4.7,INR 550,14 Seats available
Delhi to Jammu (j and k),https://www.redbus.in/bus-tickets/delhi-to-jammu,Laxmi holidays,Volvo 9600 Multi-Axle A/C Sleeper (2+1),21:30,12h 45m,10:15,4.5,950,36 Seats available
Delhi to Jammu (j and k),https://www.redbus.in/bus-tickets/delhi-to-jammu,IntrCity SmartBus,VE A/C Seater / Sleeper (2+1),18:30,13h 50m,08:20,4.5,INR 555,30 Seats available
Delhi to Jammu (j and k),https://www.redbus.in/bus-tickets/delhi-to-jammu,AdB S Holiday Travels,A/C Seater / Sleeper (2+2),22:45,12h 30m,11:15,5.0,1199,42 Seats available
Delhi to Jammu (j and k),https://www.redbus.in/bus-tickets/delhi-to-jammu,Gola Bus Service,A/C Seater/Sleeper (2+1),20:00,13h 00m,09:00,4.8,INR 1599,36 Seats available
Delhi to Jammu (j and k),https://www.redbus.in/bus-tickets/delhi-to-jammu,Zingbus Plus,Bharat Benz A/C Seater /Sleeper (2+1),20:30,10h 05m,06:35,4.4,506,29 Seats available
Delhi to Jammu (j and k),https://www.redbus.in/bus-tickets/delhi-to-jammu,Laxmi holidays,Bharat Benz A/C Sleeper (2+1),22:30,13h 00m,11:30,4.4,760,32 Seats available
Delhi to Jammu (j and k),https://www.redbus.in/bus-tickets/delhi-to-jammu,AdB S Holiday Travels,A/C Seater / Sleeper (2+2),22:30,12h 30m,11:00,4.0,599,42 Seats available
Delhi to Jammu (j and k),https://www.redbus.in/bus-tickets/delhi-to-jammu,Zingbus Plus,A/C Sleeper (2+1),22:00,09h 15m,07:15,4.3,640,25 Seats available
Delhi to Jammu (j and k),https://www.redbus.in/bus-tickets/delhi-to-jammu,Laxmi holidays,Bharat Benz A/C Seater /Sleeper (2+1),17:00,13h 00m,06:00,4.3,522,29 Seats available
Delhi to Jammu (j and k),https://www.redbus.in/bus-tickets/delhi-to-jammu,Laxmi holidays,Bharat Benz A/C Sleeper (2+1),22:00,13h 00m,11:00,4.1,712,32 Seats available
Delhi to Jammu (j and k),https://www.redbus.in/bus-tickets/delhi-to-jammu,Laxmi holidays,VE A/C Seater / Sleeper (2+1),21:50,12h 30m,10:20,4.1,522,39 Seats available
Delhi to Jammu (j and k),https://www.redbus.in/bus-tickets/delhi-to-jammu,Laxmi holidays,Bharat Benz A/C Sleeper (2+1),18:00,13h 00m,07:00,4.2,760,27 Seats available
Delhi to Jammu (j and k),https://www.redbus.in/bus-tickets/delhi-to-jammu,Laxmi holidays,VE A/C Seater / Sleeper (2+2),19:30,13h 20m,08:50,4.2,522,62 Seats available
Delhi to Jammu (j and k),https://www.redbus.in/bus-tickets/delhi-to-jammu,IntrCity SmartBus,A/C Seater / Sleeper (2+1),20:00,13h 40m,09:40,4.6,INR 585,32 Seats available
Delhi to Jammu (j and k),https://www.redbus.in/bus-tickets/delhi-to-jammu,Orbit Aviation Pvt. Ltd.,Mercedes Multi-Axle Semi Sleeper (2+2),11:25,12h 05m,23:30,3.7,1125,53 Seats available
Delhi to Jammu (j and k),https://www.redbus.in/bus-tickets/delhi-to-jammu,CAPITAL HOLIDAYS,A/C Seater / Sleeper (2+2),22:30,12h 00m,10:30,3.3,629,38 Seats available
Delhi to Jammu (j and k),https://www.redbus.in/bus-tickets/delhi-to-jammu,Goel Tourist (Regd),A/C Seater / Sleeper (2+2),17:30,13h 00m,06:30,3.8,463,44 Seats available
Delhi to Jammu (j and k),https://www.redbus.in/bus-tickets/delhi-to-jammu,Laxmi holidays,VE A/C Seater / Sleeper (2+2),21:00,13h 00m,10:00,4.0,522,61 Seats available
Delhi to Jammu (j and k),https://www.redbus.in/bus-tickets/delhi-to-jammu,Ashok Bus Service,VE A/C Seater / Sleeper (2+1),18:45,13h 30m,08:15,4.7,549,33 Seats available
Delhi to Jammu (j and k),https://www.redbus.in/bus-tickets/delhi-to-jammu,RK Holiday,A/C Seater / Sleeper (2+2),22:10,12h 45m,10:55,3.4,537,40 Seats available
Delhi to Jammu (j and k),https://www.redbus.in/bus-tickets/delhi-to-jammu,Lucky Bus Service,VE A/C Sleeper (2+2),17:00,12h 30m,05:30,3.6,808,32 Seats available
Delhi to Jammu (j and k),https://www.redbus.in/bus-tickets/delhi-to-jammu,City Land Travels,A/C Seater/Sleeper (2+1),20:30,13h 00m,09:30,3.7,540,30 Seats available
Delhi to Jammu (j and k),https://www.redbus.in/bus-tickets/delhi-to-jammu,PRAKASH TOURISM,Volvo Multi-Axle B9R A/c Semi Sleeper (2+2),18:05,12h 00m,06:05,2.9,1440,49 Seats available
Delhi to Jammu (j and k),https://www.redbus.in/bus-tickets/delhi-to-jammu,Lavish Travels,A/C Seater / Sleeper (2+2),18:15,14h 00m,08:15,1.6,473,44 Seats available
Delhi to Jammu (j and k),https://www.redbus.in/bus-tickets/delhi-to-jammu,Armaan Tour & Travels,A/C Seater / Sleeper (2+1),14:00,14h 00m,04:00,2.8,719,45 Seats available
Delhi to Jammu (j and k),https://www.redbus.in/bus-tickets/delhi-to-jammu,CAPITAL HOLIDAYS,A/C Seater / Sleeper (2+2),20:30,12h 00m,08:30,2.6,719,36 Seats available
Delhi to Jammu (j and k),https://www.redbus.in/bus-tickets/delhi-to-jammu,Kingfisher Busline Pvt Ltd,Volvo A/C Multi-Axle Semi Sleeper (2+2),09:40,12h 40m,22:20,3.5,INR 1999,49 Seats available
Delhi to Jammu (j and k),https://www.redbus.in/bus-tickets/delhi-to-jammu,Big Bus,A/C Seater / Sleeper (2+2),20:30,10h 30m,07:00,3.9,INR 595,39 Seats available
Delhi to Jammu (j and k),https://www.redbus.in/bus-tickets/delhi-to-jammu,City Land Travels,A/C Seater/Sleeper (2+1),23:00,12h 20m,11:20,4.8,583,31 Seats available
Delhi to Jammu (j and k),https://www.redbus.in/bus-tickets/delhi-to-jammu,Ram Dalal Holidays,Bharat Benz A/C Sleeper (2+1),20:30,12h 00m,08:30,3.0,INR 480,19 Seats available
Delhi to Jammu (j and k),https://www.redbus.in/bus-tickets/delhi-to-jammu,BSS COOL COOL TRAVELS,A/C Seater / Sleeper (2+2),19:00,12h 00m,07:00,3.5,INR 749,26 Seats available
Delhi to Jammu (j and k),https://www.redbus.in/bus-tickets/delhi-to-jammu,CAPITAL HOLIDAYS,A/C Seater / Sleeper (2+2),17:00,12h 00m,05:00,2.1,539,31 Seats available
Delhi to Jammu (j and k),https://www.redbus.in/bus-tickets/delhi-to-jammu,Lucky Bus Service,Volvo A/C Sleeper (2+2),19:30,11h 50m,07:20,3.8,809,32 Seats available
Delhi to Jammu (j and k),https://www.redbus.in/bus-tickets/delhi-to-jammu,Ashok Bus Service,A/C Seater / Sleeper (2+2),23:35,13h 25m,13:00,3.5,649,41 Seats available
Delhi to Jammu (j and k),https://www.redbus.in/bus-tickets/delhi-to-jammu,Awadh Travels,A/C Sleeper (2+2),19:40,13h 00m,08:40,3.7,1079,46 Seats available
Delhi to Jammu (j and k),https://www.redbus.in/bus-tickets/delhi-to-jammu,Goel Tourist (Regd),A/C Seater / Sleeper (2+2),20:50,12h 10m,09:00,1.9,INR 500,44 Seats available
Delhi to Jammu (j and k),https://www.redbus.in/bus-tickets/delhi-to-jammu,Travel Point,A/C Seater / Sleeper (2+2),22:30,12h 45m,11:15,2.5,904,50 Seats available
Delhi to Jammu (j and k),https://www.redbus.in/bus-tickets/delhi-to-jammu,Lucky Bus Service,VE A/C Sleeper (2+2),18:00,12h 00m,06:00,3.8,802,32 Seats available
Delhi to Jammu (j and k),https://www.redbus.in/bus-tickets/delhi-to-jammu,Khurana Bus Service,Volvo A/C (2+2),09:10,12h 35m,21:45,2.7,594,29 Seats available
Delhi to Jammu (j and k),https://www.redbus.in/bus-tickets/delhi-to-jammu,BSS COOL COOL TRAVELS,A/C Seater / Sleeper (2+2),21:45,11h 45m,09:30,3.6,INR 749,30 Seats available
Delhi to Jammu (j and k),https://www.redbus.in/bus-tickets/delhi-to-jammu,Shub Yatra Holidays,A/C Sleeper (2+2),22:45,12h 15m,11:00,3.5,INR 699,30 Seats available
Delhi to Jammu (j and k),https://www.redbus.in/bus-tickets/delhi-to-jammu,City Land Travels,A/C Seater/Sleeper (2+1),18:00,13h 30m,07:30,2.9,529,30 Seats available
Delhi to Jammu (j and k),https://www.redbus.in/bus-tickets/delhi-to-jammu,Travel Point World LLP,A/C Seater / Sleeper (2+2),18:30,13h 20m,07:50,2.5,INR 599,46 Seats available
Delhi to Jammu (j and k),https://www.redbus.in/bus-tickets/delhi-to-jammu,CAPITAL HOLIDAYS,A/C Seater / Sleeper (2+2),15:30,12h 00m,03:30,4.3,539,38 Seats available
Delhi to Jammu (j and k),https://www.redbus.in/bus-tickets/delhi-to-jammu,SHAH HOLIDAY TRAVEL,Bharat Benz A/C Seater / Sleeper (2+2),21:00,13h 00m,10:00,4.3,INR 1099,35 Seats available
Delhi to Jammu (j and k),https://www.redbus.in/bus-tickets/delhi-to-jammu,Shiv Mohan Travels,AC Sleeper (2+1),19:40,14h 20m,10:00,1.2,1020,36 Seats available
Delhi to Jammu (j and k),https://www.redbus.in/bus-tickets/delhi-to-jammu,Shiv Mohan Travels,AC Sleeper (2+1),18:20,14h 40m,09:00,1.5,1174,35 Seats available
Delhi to Jammu (j and k),https://www.redbus.in/bus-tickets/delhi-to-jammu,RK Holiday,A/C Seater / Sleeper (2+2),18:40,13h 20m,08:00,3.4,537,31 Seats available
Delhi to Jammu (j and k),https://www.redbus.in/bus-tickets/delhi-to-jammu,Travel Point,A/C Seater / Sleeper (2+2),21:30,12h 45m,10:15,4.1,723,50 Seats available
Delhi to Jammu (j and k),https://www.redbus.in/bus-tickets/delhi-to-jammu,Travel Point,A/C Seater / Sleeper (2+2),19:15,13h 15m,08:30,2.5,542,44 Seats available
Delhi to Jammu (j and k),https://www.redbus.in/bus-tickets/delhi-to-jammu,FlixBus,A/C Sleeper (2+1),18:30,13h 35m,08:05,3.8,INR 337,27 Seats available
Delhi to Jammu (j and k),https://www.redbus.in/bus-tickets/delhi-to-jammu,Big Bus,A/C Seater / Sleeper (2+2),17:35,12h 00m,05:35,3.3,INR 595,39 Seats available
Delhi to Jammu (j and k),https://www.redbus.in/bus-tickets/delhi-to-jammu,NKS Holidays,A/C Sleeper (2+2),17:00,13h 00m,06:00,0,INR 1799,28 Seats available
Delhi to Jammu (j and k),https://www.redbus.in/bus-tickets/delhi-to-jammu,FlixBus,A/C Sleeper (2+1),21:00,13h 35m,10:35,0,INR 337,25 Seats available
Katra (jammu and kashmir) to Jammu (j and k),https://www.redbus.in/bus-tickets/katra-to-jammu,JKRTC - 169884,A/C Seater Executive (2+1),12:00,01h 00m,13:00,1.8,INR 166,19 Seats available
Katra (jammu and kashmir) to Jammu (j and k),https://www.redbus.in/bus-tickets/katra-to-jammu,Orbit Aviation Pvt. Ltd.,Mercedes Multi-Axle Semi Sleeper (2+2),13:00,01h 30m,14:30,3.7,INR 549,52 Seats available
Katra (jammu and kashmir) to Jammu (j and k),https://www.redbus.in/bus-tickets/katra-to-jammu,Orbit Aviation Pvt. Ltd.,Mercedes Multi-Axle Semi Sleeper (2+2),13:00,01h 30m,14:30,3.7,399,53 Seats available
Katra (jammu and kashmir) to Jammu (j and k),https://www.redbus.in/bus-tickets/katra-to-jammu,Lavish Travels,A/C Seater / Sleeper (2+2),14:40,13h 55m,04:35,3.0,455,50 Seats available
Katra (jammu and kashmir) to Jammu (j and k),https://www.redbus.in/bus-tickets/katra-to-jammu,Vijay Tour and Travels,Bharat Benz A/C Seater /Sleeper (2+1),15:10,02h 05m,17:15,3.5,463,34 Seats available
Katra (jammu and kashmir) to Jammu (j and k),https://www.redbus.in/bus-tickets/katra-to-jammu,Vijay Tour and Travels,Bharat Benz A/C Seater /Sleeper (2+1),15:50,02h 40m,18:30,3.5,879,40 Seats available
Katra (jammu and kashmir) to Jammu (j and k),https://www.redbus.in/bus-tickets/katra-to-jammu,Vijay Tour and Travels,Bharat Benz A/C Seater /Sleeper (2+1),16:20,01h 40m,18:00,3.5,463,38 Seats available
Katra (jammu and kashmir) to Jammu (j and k),https://www.redbus.in/bus-tickets/katra-to-jammu,City Land Travels,A/C Seater/Sleeper (2+1),16:30,01h 20m,17:50,3.6,628,34 Seats available
Katra (jammu and kashmir) to Jammu (j and k),https://www.redbus.in/bus-tickets/katra-to-jammu,Shiv Mohan Travels,AC Sleeper (2+1),17:00,01h 30m,18:30,4.3,729,36 Seats available
Katra (jammu and kashmir) to Jammu (j and k),https://www.redbus.in/bus-tickets/katra-to-jammu,Shiv Mohan Travels,AC Sleeper (2+1),18:30,02h 00m,20:30,4.3,471,36 Seats available
Katra (jammu and kashmir) to Jammu (j and k),https://www.redbus.in/bus-tickets/katra-to-jammu,FlixBus,A/C Sleeper (2+1),18:30,01h 25m,19:55,4.0,INR 121,26 Seats available
Katra (jammu and kashmir) to Jammu (j and k),https://www.redbus.in/bus-tickets/katra-to-jammu,Zingbus Plus,Bharat Benz A/C Seater /Sleeper (2+1),18:45,01h 25m,20:10,4.3,INR 123,37 Seats available
Katra (jammu and kashmir) to Jammu (j and k),https://www.redbus.in/bus-tickets/katra-to-jammu,Shiv Mohan Travels,AC Sleeper (2+1),19:00,01h 15m,20:15,4.3,471,36 Seats available
Katra (jammu and kashmir) to Jammu (j and k),https://www.redbus.in/bus-tickets/katra-to-jammu,SHRI KRISHNA TRAVELS (JAI SHREE GANESH YATRA CO.),VE A/C Seater / Sleeper (2+1),19:00,01h 00m,20:00,3.7,INR 860,25 Seats available
Katra (jammu and kashmir) to Jammu (j and k),https://www.redbus.in/bus-tickets/katra-to-jammu,City Land Travels,A/C Seater/Sleeper (2+1),19:00,01h 30m,20:30,3.6,583,32 Seats available
Katra (jammu and kashmir) to Jammu (j and k),https://www.redbus.in/bus-tickets/katra-to-jammu,Skyway Bus,A/C Sleeper (2+1),22:55,01h 00m,23:55,3.1,490,36 Seats available
Katra (jammu and kashmir) to Jammu (j and k),https://www.redbus.in/bus-tickets/katra-to-jammu,Royal Golden,A/C Seater / Sleeper (2+2),13:00,01h 00m,14:00,2.0,600,35 Seats available
Katra (jammu and kashmir) to Jammu (j and k),https://www.redbus.in/bus-tickets/katra-to-jammu,Golden Temple Express Volvo,A/C Seater / Sleeper (2+2),14:00,01h 45m,15:45,1.2,349,32 Seats available
Katra (jammu and kashmir) to Jammu (j and k),https://www.redbus.in/bus-tickets/katra-to-jammu,Royal Golden,A/C Seater / Sleeper (2+2),23:00,01h 00m,00:00,2.0,495,32 Seats available
Katra (jammu and kashmir) to Jammu (j and k),https://www.redbus.in/bus-tickets/katra-to-jammu,Golden Temple Express Volvo,A/C Seater / Sleeper (2+2),23:00,01h 20m,00:20,1.2,399,34 Seats available
Katra (jammu and kashmir) to Jammu (j and k),https://www.redbus.in/bus-tickets/katra-to-jammu,Mahadev Travels(mdvt),Volvo A/C Semi Sleeper (2+2),14:00,01h 00m,15:00,3.6,1350,41 Seats available
Katra (jammu and kashmir) to Jammu (j and k),https://www.redbus.in/bus-tickets/katra-to-jammu,VGO BUS,A/C Seater/Sleeper (2+1),18:30,01h 00m,19:30,4.0,INR 1800,40 Seats available
Katra (jammu and kashmir) to Jammu (j and k),https://www.redbus.in/bus-tickets/katra-to-jammu,SHRI KRISHNA TRAVELS (JAI SHREE GANESH YATRA CO.),VE A/C Seater / Sleeper (2+1),20:00,01h 00m,21:00,3.7,INR 1499,38 Seats available
Katra (jammu and kashmir) to Jammu (j and k),https://www.redbus.in/bus-tickets/katra-to-jammu,SPEED BUS,A/C Volvo B11R Multi-Axle Sleeper (2+1),20:00,01h 30m,21:30,3.7,INR 3500,36 Seats available
Jammu (j and k) to Katra (jammu and kashmir),https://www.redbus.in/bus-tickets/jammu-to-katra,Mahadev Travels(mdvt),Volvo A/C Semi Sleeper (2+2),18:10,01h 20m,19:30,3.6,450,41 Seats available
Jammu (j and k) to Katra (jammu and kashmir),https://www.redbus.in/bus-tickets/jammu-to-katra,Golden Temple Express Volvo,A/C Seater / Sleeper (2+2),20:30,01h 30m,22:00,3.7,299,40 Seats available
Jammu (j and k) to Katra (jammu and kashmir),https://www.redbus.in/bus-tickets/jammu-to-katra,Golden Temple Express Volvo,A/C Seater / Sleeper (2+2),21:10,01h 00m,22:10,3.7,249,32 Seats available
Jammu (j and k) to Katra (jammu and kashmir),https://www.redbus.in/bus-tickets/jammu-to-katra,Bhawani Travels,Bharat Benz A/C Semi Sleeper (2+2),18:15,02h 25m,20:40,2.0,428,30 Seats available
Jammu (j and k) to Katra (jammu and kashmir),https://www.redbus.in/bus-tickets/jammu-to-katra,Bhawani Travels,A/C Seater / Sleeper (2+2),19:50,01h 40m,21:30,2.0,301,39 Seats available
Jammu (j and k) to Katra (jammu and kashmir),https://www.redbus.in/bus-tickets/jammu-to-katra,Bhawani Travels,A/C Seater / Sleeper (2+2),20:00,01h 45m,21:45,2.0,INR 250,30 Seats available
Jammu (j and k) to Katra (jammu and kashmir),https://www.redbus.in/bus-tickets/jammu-to-katra,BSS COOL COOL TRAVELS,A/C Seater / Sleeper (2+2),09:15,03h 00m,12:15,4.1,INR 749,50 Seats available
Jammu (j and k) to Katra (jammu and kashmir),https://www.redbus.in/bus-tickets/jammu-to-katra,Orbit Aviation Pvt. Ltd.,Mercedes Multi-Axle Semi Sleeper (2+2),23:40,00h 40m,00:20,3.7,1125,52 Seats available
Haridwar to Jammu (j and k),https://www.redbus.in/bus-tickets/haridwar-to-jammu,JKRTC - 169768,NON A/C Seater (2+3),15:40,12h 00m,03:40,3.7,INR 763,42 Seats available
Haridwar to Jammu (j and k),https://www.redbus.in/bus-tickets/haridwar-to-jammu,Laxmi holidays,Bharat Benz A/C Seater /Sleeper (2+1),17:30,12h 30m,06:00,4.5,608,39 Seats available
Haridwar to Jammu (j and k),https://www.redbus.in/bus-tickets/haridwar-to-jammu,SHRI KRISHNA TRAVELS (JAI SHREE GANESH YATRA CO.),VE A/C Seater / Sleeper (2+1),18:20,12h 40m,07:00,3.7,INR 950,16 Seats available
Haridwar to Jammu (j and k),https://www.redbus.in/bus-tickets/haridwar-to-jammu,Zimindara Travels,AC Sleeper (2+1),17:10,12h 50m,06:00,4.1,INR 1049,36 Seats available
Haridwar to Jammu (j and k),https://www.redbus.in/bus-tickets/haridwar-to-jammu,City Land Travels,A/C Seater/Sleeper (2+1),20:00,12h 00m,08:00,3.4,583,30 Seats available
Chandigarh to Jammu (j and k),https://www.redbus.in/bus-tickets/chandigarh-to-jammu,Chandigarh Transport Undertaking (CTU) - 165940,HVAC Seater (2+3),15:40,09h 25m,01:05,3.7,INR 554.29,47 Seats available
Chandigarh to Jammu (j and k),https://www.redbus.in/bus-tickets/chandigarh-to-jammu,Laxmi holidays,Bharat Benz A/C Seater /Sleeper (2+1),22:50,07h 10m,06:00,4.5,489,40 Seats available
Chandigarh to Jammu (j and k),https://www.redbus.in/bus-tickets/chandigarh-to-jammu,Laxmi holidays,Bharat Benz A/C Seater /Sleeper (2+1),23:05,06h 55m,06:00,4.3,INR 494,29 Seats available
Chandigarh to Jammu (j and k),https://www.redbus.in/bus-tickets/chandigarh-to-jammu,AdOrbit Aviation Pvt. Ltd.,Mercedes Multi-Axle Semi Sleeper (2+2),13:40,07h 00m,20:40,3.5,699,35 Seats available
Chandigarh to Jammu (j and k),https://www.redbus.in/bus-tickets/chandigarh-to-jammu,Laxmi holidays,Bharat Benz A/C Sleeper (2+1),23:30,07h 30m,07:00,4.4,684,27 Seats available
Chandigarh to Jammu (j and k),https://www.redbus.in/bus-tickets/chandigarh-to-jammu,Zimindara Travels,A/C Seater / Sleeper (2+1),22:30,07h 00m,05:30,4.2,INR 450,32 Seats available
Chandigarh to Jammu (j and k),https://www.redbus.in/bus-tickets/chandigarh-to-jammu,Baru travels,A/C Seater / Sleeper (2+2),20:45,07h 30m,04:15,4.1,INR 449,44 Seats available
Chandigarh to Jammu (j and k),https://www.redbus.in/bus-tickets/chandigarh-to-jammu,AdMoon Light Travels Katra,A/C Sleeper (2+1),21:15,07h 15m,04:30,4.2,584,21 Seats available
Chandigarh to Jammu (j and k),https://www.redbus.in/bus-tickets/chandigarh-to-jammu,Khurana Bus Service,Volvo A/C (2+2),14:25,07h 20m,21:45,3.7,680,29 Seats available
Chandigarh to Jammu (j and k),https://www.redbus.in/bus-tickets/chandigarh-to-jammu,Harikesh Tour N Travels,A/C Sleeper (2+1),21:00,07h 30m,04:30,4.0,INR 550,24 Seats available
Chandigarh to Jammu (j and k),https://www.redbus.in/bus-tickets/chandigarh-to-jammu,Moon Light Travels Katra,A/C Sleeper (2+2),22:00,07h 00m,05:00,3.1,499,34 Seats available
Chandigarh to Jammu (j and k),https://www.redbus.in/bus-tickets/chandigarh-to-jammu,Jamna Travels-Jammu,AshokLeyland Stile A/C,20:15,08h 15m,04:30,4.0,INR 550,35 Seats available
Chandigarh to Jammu (j and k),https://www.redbus.in/bus-tickets/chandigarh-to-jammu,Zimindara Travels,AC Sleeper (2+1),21:30,07h 00m,04:30,3.8,INR 599,27 Seats available
Chandigarh to Jammu (j and k),https://www.redbus.in/bus-tickets/chandigarh-to-jammu,Moon Light Travels Katra,A/C Seater / Sleeper (2+2),22:00,06h 45m,04:45,3.3,332,41 Seats available
Chandigarh to Jammu (j and k),https://www.redbus.in/bus-tickets/chandigarh-to-jammu,New Pal Travels,A/C Sleeper (2+1),19:30,10h 15m,05:45,3.7,INR 549,33 Seats available
Chandigarh to Jammu (j and k),https://www.redbus.in/bus-tickets/chandigarh-to-jammu,Zimindara Travels,AC Sleeper (2+1),22:00,07h 00m,05:00,3.6,INR 599,25 Seats available
Chandigarh to Jammu (j and k),https://www.redbus.in/bus-tickets/chandigarh-to-jammu,Zimindara Travels,AC Sleeper (2+1),23:00,07h 00m,06:00,3.5,INR 649,35 Seats available
Chandigarh to Jammu (j and k),https://www.redbus.in/bus-tickets/chandigarh-to-jammu,Khurana Bus Service,Volvo A/C (2+2),14:20,07h 25m,21:45,3.2,764,24 Seats available
Chandigarh to Jammu (j and k),https://www.redbus.in/bus-tickets/chandigarh-to-jammu,SHRI KRISHNA TRAVELS (JAI SHREE GANESH YATRA CO.),VE A/C Seater / Sleeper (2+1),23:30,07h 30m,07:00,3.7,INR 950,16 Seats available
Chandigarh to Jammu (j and k),https://www.redbus.in/bus-tickets/chandigarh-to-jammu,Kingfisher Busline Pvt Ltd,Volvo A/C Multi-Axle Semi Sleeper (2+2),15:10,07h 10m,22:20,4.0,INR 1999,49 Seats available
Chandigarh to Jammu (j and k),https://www.redbus.in/bus-tickets/chandigarh-to-jammu,BHARAT TRAVELS CHANDIGARH,Bharat Benz A/C Semi Sleeper (2+2),21:30,07h 00m,04:30,3.4,INR 2000,49 Seats available
Chandigarh to Jammu (j and k),https://www.redbus.in/bus-tickets/chandigarh-to-jammu,Radhe Travels,Bharat Benz A/C Sleeper (2+1),21:20,07h 25m,04:45,2.7,INR 499,28 Seats available
Chandigarh to Jammu (j and k),https://www.redbus.in/bus-tickets/chandigarh-to-jammu,SAHARA TRAVELS,A/C Sleeper (2+2),21:30,07h 35m,05:05,2.5,INR 699,14 Seats available
Chandigarh to Jammu (j and k),https://www.redbus.in/bus-tickets/chandigarh-to-jammu,GOBUS,A/C Seater / Sleeper (2+2),22:05,07h 30m,05:35,2.3,INR 349,50 Seats available
Chandigarh to Jammu (j and k),https://www.redbus.in/bus-tickets/chandigarh-to-jammu,SAHARA TRAVELS,A/C Seater / Sleeper (2+2),21:30,08h 00m,05:30,2.7,INR 499,38 Seats available
Chandigarh to Jammu (j and k),https://www.redbus.in/bus-tickets/chandigarh-to-jammu,Goel Tourist (Regd),A/C Seater / Sleeper (2+2),23:15,07h 15m,06:30,3.6,INR 500,44 Seats available
Chandigarh to Jammu (j and k),https://www.redbus.in/bus-tickets/chandigarh-to-jammu,Radhe Travels,Bharat Benz A/C Sleeper (2+1),21:30,07h 15m,04:45,2.3,INR 499,30 Seats available
Chandigarh to Jammu (j and k),https://www.redbus.in/bus-tickets/chandigarh-to-jammu,Moon Light Travels Katra,A/C Sleeper (2+1),22:00,07h 25m,05:25,2.9,674,35 Seats available
Chandigarh to Jammu (j and k),https://www.redbus.in/bus-tickets/chandigarh-to-jammu,CAPITAL HOLIDAYS,A/C Seater / Sleeper (2+2),23:00,06h 00m,05:00,3.2,539,31 Seats available
Chandigarh to Jammu (j and k),https://www.redbus.in/bus-tickets/chandigarh-to-jammu,Orbit Aviation Pvt. Ltd.,Mercedes Multi-Axle Semi Sleeper (2+2),13:45,06h 55m,20:40,3.7,699,38 Seats available
Chandigarh to Jammu (j and k),https://www.redbus.in/bus-tickets/chandigarh-to-jammu,Orbit Aviation Pvt. Ltd.,Mercedes Multi-Axle Semi Sleeper (2+2),13:47,06h 53m,20:40,3.3,699,38 Seats available
Chandigarh to Jammu (j and k),https://www.redbus.in/bus-tickets/chandigarh-to-jammu,Orbit Aviation Pvt. Ltd.,Mercedes Multi-Axle Semi Sleeper (2+2),16:35,07h 05m,23:40,3.7,374,27 Seats available
Chandigarh to Jammu (j and k),https://www.redbus.in/bus-tickets/chandigarh-to-jammu,Awadh Travels,A/C Sleeper (2+1),21:15,09h 45m,07:00,2.8,549,36 Seats available
Chandigarh to Jammu (j and k),https://www.redbus.in/bus-tickets/chandigarh-to-jammu,Orbit Aviation Pvt. Ltd.,Mercedes Multi-Axle Semi Sleeper (2+2),16:59,06h 41m,23:40,2.4,374,27 Seats available
Chandigarh to Jammu (j and k),https://www.redbus.in/bus-tickets/chandigarh-to-jammu,RK Holiday,A/C Seater / Sleeper (2+2),23:20,08h 40m,08:00,2.5,537,31 Seats available
Chandigarh to Jammu (j and k),https://www.redbus.in/bus-tickets/chandigarh-to-jammu,Vijay Tour and Travels,Bharat Benz A/C Seater /Sleeper (2+1),22:30,07h 30m,06:00,2.4,759,38 Seats available
Chandigarh to Jammu (j and k),https://www.redbus.in/bus-tickets/chandigarh-to-jammu,DS Hari Travels,A/C Sleeper (2+2),21:15,07h 45m,05:00,2.5,INR 699,44 Seats available
Chandigarh to Jammu (j and k),https://www.redbus.in/bus-tickets/chandigarh-to-jammu,City Land Travels,A/C Seater/Sleeper (2+1),23:50,07h 40m,07:30,2.4,529,40 Seats available
Chandigarh to Jammu (j and k),https://www.redbus.in/bus-tickets/chandigarh-to-jammu,SL Choudhary travels,Bharath Benz A/C Sleeper (2+2),21:25,07h 35m,05:00,2.3,900,36 Seats available
Chandigarh to Jammu (j and k),https://www.redbus.in/bus-tickets/chandigarh-to-jammu,Big Bus,A/C Seater / Sleeper (2+2),20:20,07h 10m,03:30,3.7,INR 595,41 Seats available
Chandigarh to Jammu (j and k),https://www.redbus.in/bus-tickets/chandigarh-to-jammu,CAPITAL HOLIDAYS,A/C Seater / Sleeper (2+2),21:30,06h 00m,03:30,3.3,539,38 Seats available
Chandigarh to Jammu (j and k),https://www.redbus.in/bus-tickets/chandigarh-to-jammu,Jamna Travels (Delhi),A/C Seater / Sleeper (2+2),23:29,07h 46m,07:15,3.7,INR 699,24 Seats available
Chandigarh to Jammu (j and k),https://www.redbus.in/bus-tickets/chandigarh-to-jammu,Khurana Bus Service,Bharat Benz A/C Seater (2+2),19:05,05h 35m,00:40,3.3,INR 400,33 Seats available
Chandigarh to Jammu (j and k),https://www.redbus.in/bus-tickets/chandigarh-to-jammu,Orbit Aviation Pvt. Ltd.,Mercedes Multi-Axle Semi Sleeper (2+2),16:59,06h 31m,23:30,2.7,1125,53 Seats available
Chandigarh to Jammu (j and k),https://www.redbus.in/bus-tickets/chandigarh-to-jammu,Khurana Bus Service,Bharat Benz A/C Seater (2+2),19:00,05h 40m,00:40,3.7,INR 400,33 Seats available
Chandigarh to Jammu (j and k),https://www.redbus.in/bus-tickets/chandigarh-to-jammu,Northern Travels,Bharat Benz A/C Sleeper (2+1),22:30,07h 35m,06:05,2.4,INR 600,23 Seats available
Chandigarh to Jammu (j and k),https://www.redbus.in/bus-tickets/chandigarh-to-jammu,Orbit Aviation Pvt. Ltd.,Mercedes Multi-Axle Semi Sleeper (2+2),16:35,06h 55m,23:30,2.3,1125,53 Seats available
Chandigarh to Jammu (j and k),https://www.redbus.in/bus-tickets/chandigarh-to-jammu,Big Bus,A/C Seater / Sleeper (2+2),22:25,07h 10m,05:35,0,INR 595,39 Seats available
Chandigarh to Jammu (j and k),https://www.redbus.in/bus-tickets/chandigarh-to-jammu,RAO TRAVELS INDIA PVT LTD.,Mercedes Benz A/C (2+2),23:00,04h 30m,03:30,0,INR 3000,48 Seats available
Jammu (j and k) to Amritsar,https://www.redbus.in/bus-tickets/jammu-to-amritsar,Harikesh Tour N Travels,VE A/C Seater (2+2),11:30,04h 35m,16:05,3.1,298,40 Seats available
Jammu (j and k) to Amritsar,https://www.redbus.in/bus-tickets/jammu-to-amritsar,Jaspal Travels,AC Seater (2+2),12:20,04h 40m,17:00,3.6,INR 400,35 Seats available
Jammu (j and k) to Amritsar,https://www.redbus.in/bus-tickets/jammu-to-amritsar,Bhawani Travels,Bharat Benz A/C Seater (2+2),12:30,04h 35m,17:05,4.2,278,26 Seats available
Jammu (j and k) to Amritsar,https://www.redbus.in/bus-tickets/jammu-to-amritsar,Jaspal Travels,A/C Seater / Sleeper (2+2),13:00,05h 00m,18:00,3.6,INR 399,22 Seats available
Jammu (j and k) to Amritsar,https://www.redbus.in/bus-tickets/jammu-to-amritsar,Bhawani Travels,A/C Seater / Sleeper (2+2),13:20,05h 00m,18:20,3.5,INR 249,24 Seats available
Jammu (j and k) to Amritsar,https://www.redbus.in/bus-tickets/jammu-to-amritsar,Bhawani Travels,A/C Sleeper (2+2),14:00,06h 00m,20:00,3.0,380,16 Seats available
Jammu (j and k) to Amritsar,https://www.redbus.in/bus-tickets/jammu-to-amritsar,Bhawani Travels,VE A/C Seater (2+2),14:10,05h 00m,19:10,4.2,285,34 Seats available
Jammu (j and k) to Amritsar,https://www.redbus.in/bus-tickets/jammu-to-amritsar,Jamna Travels-Jammu,A/C Seater Push Back (2+2),14:30,03h 52m,18:22,3.3,INR 300,28 Seats available
Jammu (j and k) to Amritsar,https://www.redbus.in/bus-tickets/jammu-to-amritsar,Bhawani Travels,Bharat Benz A/C Seater (2+2),16:30,04h 35m,21:05,3.5,285,27 Seats available
Jammu (j and k) to Amritsar,https://www.redbus.in/bus-tickets/jammu-to-amritsar,Bhawani Travels,Bharat Benz A/C Seater (2+2),18:30,04h 45m,23:15,3.7,285,20 Seats available
Jammu (j and k) to Amritsar,https://www.redbus.in/bus-tickets/jammu-to-amritsar,Awadh Travels,A/C Sleeper (2+2),23:35,04h 45m,04:20,3.1,349,34 Seats available
Jammu (j and k) to Amritsar,https://www.redbus.in/bus-tickets/jammu-to-amritsar,Jamna Travels-Jammu,A/C Seater / Sleeper (2+2),22:30,05h 15m,03:45,4.0,INR 249,30 Seats available
Jammu (j and k) to Amritsar,https://www.redbus.in/bus-tickets/jammu-to-amritsar,Bhawani Travels,A/C Seater / Sleeper (2+2),23:00,05h 30m,04:30,4.1,INR 249,35 Seats available
Jammu (j and k) to Amritsar,https://www.redbus.in/bus-tickets/jammu-to-amritsar,Lucky Travels,Bharat Benz A/C Seater / Sleeper (2+2),14:20,04h 30m,18:50,2.6,INR 299,52 Seats available
Jammu (j and k) to Amritsar,https://www.redbus.in/bus-tickets/jammu-to-amritsar,Shree Bawa Lal Ji Travels,A/C Seater / Sleeper (2+2),15:30,05h 15m,20:45,2.7,425,44 Seats available
Jammu (j and k) to Amritsar,https://www.redbus.in/bus-tickets/jammu-to-amritsar,Lucky Travels,A/C Sleeper (2+1),15:50,05h 00m,20:50,1.5,INR 349,46 Seats available
Jammu (j and k) to Amritsar,https://www.redbus.in/bus-tickets/jammu-to-amritsar,Golden Temple Express Volvo,A/C Seater / Sleeper (2+2),15:45,06h 15m,22:00,1.7,349,32 Seats available
Jammu (j and k) to Amritsar,https://www.redbus.in/bus-tickets/jammu-to-amritsar,Lucky Travels,A/C Sleeper (2+1),15:50,05h 00m,20:50,2.6,INR 349,46 Seats available
Jammu (j and k) to Amritsar,https://www.redbus.in/bus-tickets/jammu-to-amritsar,Jamna Travels-Jammu,A/C Seater Push Back (2+2),16:30,04h 15m,20:45,2.5,INR 399,33 Seats available
Jammu (j and k) to Amritsar,https://www.redbus.in/bus-tickets/jammu-to-amritsar,Royal Golden,A/C Seater / Sleeper (2+2),14:00,750h 00m,20:00,1.8,638,35 Seats available
Jammu (j and k) to Amritsar,https://www.redbus.in/bus-tickets/jammu-to-amritsar,Jamna Travels-Jammu,A/C Seater Push Back (2+2),18:30,03h 52m,22:22,2.0,INR 299,18 Seats available
Jammu (j and k) to Amritsar,https://www.redbus.in/bus-tickets/jammu-to-amritsar,Lucky Travels,Bharat Benz A/C Seater / Sleeper (2+2),23:55,05h 35m,05:30,2.9,INR 279,52 Seats available
Jammu (j and k) to Amritsar,https://www.redbus.in/bus-tickets/jammu-to-amritsar,CHANDRA RAJ TRAVELS,Bharat Benz A/C Sleeper (2+1),14:15,04h 35m,18:50,4.0,INR 500,33 Seats available
Jammu (j and k) to Amritsar,https://www.redbus.in/bus-tickets/jammu-to-amritsar,RATHORE TRAVELS AGENCY,A/C Seater / Sleeper (2+1),14:30,05h 00m,19:30,4.0,INR 500,29 Seats available
Jammu (j and k) to Amritsar,https://www.redbus.in/bus-tickets/jammu-to-amritsar,Gajraj bus service,Bharat Benz A/C Sleeper (2+1),18:30,05h 25m,23:55,3.9,INR 899,30 Seats available
Jammu (j and k) to Amritsar,https://www.redbus.in/bus-tickets/jammu-to-amritsar,Vijay Tour and Travels,A/C Seater / Sleeper (2+1),14:30,05h 30m,20:00,2.2,555,38 Seats available
Jammu (j and k) to Amritsar,https://www.redbus.in/bus-tickets/jammu-to-amritsar,Neeraj travels,A/C Seater / Sleeper (2+1),15:40,04h 32m,20:12,2.5,569,36 Seats available
Jammu (j and k) to Amritsar,https://www.redbus.in/bus-tickets/jammu-to-amritsar,Vijay Tour and Travels,Bharat Benz A/C Seater /Sleeper (2+1),17:15,04h 35m,21:50,2.2,509,34 Seats available
Jammu (j and k) to Amritsar,https://www.redbus.in/bus-tickets/jammu-to-amritsar,Vijay Tour and Travels,AC Sleeper (2+1),18:50,04h 50m,23:40,2.2,740,30 Seats available
Ajmer to Jammu (j and k),https://www.redbus.in/bus-tickets/ajmer-to-jammu,Vijay Tour and Travels,AC Sleeper (2+1),15:00,17h 50m,08:50,3.6,1480,27 Seats available
